performer,event_id,date,end_date,venue,location,ticket_url,sold_out,source_url,source_platform,scraped_at
Emil Wakim,c37ed1b825b70ba045ddd659,2026-10-09T00:00:00+00:00,2026-10-10T00:00:00+00:00,,San Francisco,https://www.ticketmaster.com/emil-wakim-tickets/artist/3313224?venueId=229877,,https://linktr.ee/emilwakim,linktree,2026-10-08T20:42:39.357780+00:00
Michael Longfellow,108911665,2026-10-09T19:00:00.000Z,,Comedy Connection,"East Providence, United States",https://www.bandsintown.com/t/108911665?app_id=komi_0015519465&came_from=267&utm_medium=api&utm_source=public_api&utm_campaign=ticket,,https://michaellongfellow.komi.io/,bandsintown,2026-10-08T20:42:38.397747+00:00
Michael Longfellow,108911671,2026-10-09T21:30:00.000Z,,Comedy Connection,"East Providence, United States",https://www.bandsintown.com/t/108911671?app_id=komi_0015519465&came_from=267&utm_medium=api&utm_source=public_api&utm_campaign=ticket,,https://michaellongfellow.komi.io/,bandsintown,2026-10-08T20:42:38.397760+00:00
Michael Longfellow,108911674,2026-10-10T19:00:00.000Z,,Comedy Connection,"East Providence, United States",https://www.bandsintown.com/t/108911674?app_id=komi_0015519465&came_from=267&utm_medium=api&utm_source=public_api&utm_campaign=ticket,,https://michaellongfellow.komi.io/,bandsintown,2026-10-08T20:42:38.397770+00:00
Michael Longfellow,108911677,2026-10-10T21:00:00.000Z,,Comedy Connection,"East Providence, United States",https://www.bandsintown.com/t/108911677?app_id=komi_0015519465&came_from=267&utm_medium=api&utm_source=public_api&utm_campaign=ticket,,https://michaellongfellow.komi.io/,bandsintown,2026-10-08T20:42:38.397778+00:00
Emil Wakim,5b3a2057e9c9394b3af33908,2026-10-11T00:00:00+00:00,,,Vancouver,https://admitone.com/events/vancouver/pro/other/biltmore-cabaret/emil-wakim/emil-wakim/69fe309207c7a21ac04e50ab,,https://linktr.ee/emilwakim,linktree,2026-10-08T20:42:39.357780+00:00
Michael Longfellow,1040464704,2026-10-12T19:00:00.000Z,,"The Stand - Upstairs, (212) 677-2600","New York City, United States",https://www.bandsintown.com/t/1040464704?app_id=komi_0015519465&came_from=267&utm_medium=api&utm_source=public_api&utm_campaign=ticket,,https://michaellongfellow.komi.io/,bandsintown,2026-10-08T20:42:38.397787+00:00
Michael Longfellow,1040526680,2026-10-13T20:00:00.000Z,,"The Stand - Upstairs, (212) 677-2600","New York City, United States",https://www.bandsintown.com/t/1040526680?app_id=komi_0015519465&came_from=267&utm_medium=api&utm_source=public_api&utm_campaign=ticket,,https://michaellongfellow.komi.io/,bandsintown,2026-10-08T20:42:38.397795+00:00
Emil Wakim,d11d8123672f2f04fe8a8fae,2026-10-15T00:00:00+00:00,2026-10-17T00:00:00+00:00,,Baltimore,https://portcomedy.com/comedians/emil-wakim-2,,https://linktr.ee/emilwakim,linktree,2026-10-08T20:42:39.357780+00:00
Michael Longfellow,1040433906,2026-10-15T20:00:00.000Z,,"The Stand - Upstairs, (212) 677-2600","New York City, United States",https://www.bandsintown.com/t/1040433906?app_id=komi_0015519465&came_from=267&utm_medium=api&utm_source=public_api&utm_campaign=ticket,,https://michaellongfellow.komi.io/,bandsintown,2026-10-08T20:42:38.397802+00:00
Michael Longfellow,108380265,2026-10-16T19:00:00.000Z,,The Comedy Zone Greenville,"Greenville, United States",https://www.bandsintown.com/t/108380265?app_id=komi_0015519465&came_from=267&utm_medium=api&utm_source=public_api&utm_campaign=ticket,,https://michaellongfellow.komi.io/,bandsintown,2026-10-08T20:42:38.397809+00:00
Michael Longfellow,108380268,2026-10-17T18:00:00.000Z,,The Comedy Zone Greenville,"Greenville, United States",https://www.bandsintown.com/t/108380268?app_id=komi_0015519465&came_from=267&utm_medium=api&utm_source=public_api&utm_campaign=ticket,,https://michaellongfellow.komi.io/,bandsintown,2026-10-08T20:42:38.397816+00:00
Emil Wakim,1c237dbbedca30aba15349da,2026-10-18T00:00:00+00:00,,,"Royal Oak, MI",https://www.comedycastle.com/events/category/series/emil-wakim/mark-ridleys-comedy-castle/royal-oak,,https://linktr.ee/emilwakim,linktree,2026-10-08T20:42:39.357780+00:00
James Austin Johnson,36ab85977ff80753a9bf9deb,2026-10-21T00:00:00+00:00,,Rams Head On Stage,"Annapolis, MD",https://www.axs.com/events/1439009/comedian-james-austin-johnson-of-snl-tickets?skin=ramsheadonstage,,https://linktr.ee/jajcenter,linktree,2026-10-08T20:42:39.148252+00:00
Tommy Brennan,f8cf3f2f-d1f9-4ab8-ba4a-c50b5bdc0a95,2026-10-21T20:00:00,,"Sesh Comedy, Chrystie","New York, NY",https://seshcomedy.com/event-detail.php?id=I4XWPYT7CGL5KBXNFGUFXKZI,True,https://punchup.live/tommybrennan,punchup,2026-10-08T20:42:39.501752+00:00
Emil Wakim,02ec59435b3249dd2611155d,2026-10-22T00:00:00+00:00,2026-10-24T00:00:00+00:00,,"Bloomington, IN",https://www.comedyattic.com/events/137807,,https://linktr.ee/emilwakim,linktree,2026-10-08T20:42:39.357780+00:00
Tommy Brennan,57236f0b-55c7-4936-91c6-1020667371cd,2026-10-22T19:00:00,,Comedy on State-WI,"Madison, WI",https://www.madisoncomedy.com/event/tommy-brennan/2026-10-22/,False,https://punchup.live/tommybrennan,punchup,2026-10-08T20:42:39.501752+00:00
Tommy Brennan,7f4a7438-dd8a-4446-b799-70fd117d59fd,2026-10-23T19:00:00,,Comedy on State-WI,"Madison, WI",https://www.madisoncomedy.com/event/tommy-brennan/2026-10-22/,False,https://punchup.live/tommybrennan,punchup,2026-10-08T20:42:39.501752+00:00
Tommy Brennan,f11e055c-8f98-46f6-a91b-d034c95b8f71,2026-10-23T21:30:00,,Comedy on State-WI,"Madison, WI",https://www.madisoncomedy.com/event/tommy-brennan/2026-10-22/,False,https://punchup.live/tommybrennan,punchup,2026-10-08T20:42:39.501752+00:00
Tommy Brennan,fe3053d3-a55c-45eb-b972-db409e5989c6,2026-10-24T19:00:00,,Comedy on State-WI,"Madison, WI",https://www.madisoncomedy.com/event/tommy-brennan/2026-10-22/,False,https://punchup.live/tommybrennan,punchup,2026-10-08T20:42:39.501752+00:00
Tommy Brennan,9855b1df-7e45-4f59-83ab-8bef457e6251,2026-10-24T21:30:00,,Comedy on State-WI,"Madison, WI",https://www.madisoncomedy.com/event/tommy-brennan/2026-10-22/,False,https://punchup.live/tommybrennan,punchup,2026-10-08T20:42:39.501752+00:00
Michael Longfellow,108911682,2026-11-05T20:00:00.000Z,,Sisyphus Brewing,"Minneapolis, United States",https://www.bandsintown.com/t/108911682?app_id=komi_0015519465&came_from=267&utm_medium=api&utm_source=public_api&utm_campaign=ticket,,https://michaellongfellow.komi.io/,bandsintown,2026-10-08T20:42:38.397823+00:00
Michael Longfellow,108911685,2026-11-06T19:00:00.000Z,,Sisyphus Brewing,"Minneapolis, United States",https://www.bandsintown.com/t/108911685?app_id=komi_0015519465&came_from=267&utm_medium=api&utm_source=public_api&utm_campaign=ticket,,https://michaellongfellow.komi.io/,bandsintown,2026-10-08T20:42:38.397830+00:00
Michael Longfellow,108911689,2026-11-06T21:00:00.000Z,,Sisyphus Brewing,"Minneapolis, United States",https://www.bandsintown.com/t/108911689?app_id=komi_0015519465&came_from=267&utm_medium=api&utm_source=public_api&utm_campaign=ticket,,https://michaellongfellow.komi.io/,bandsintown,2026-10-08T20:42:38.397837+00:00
Michael Longfellow,108911691,2026-11-07T19:00:00.000Z,,Sisyphus Brewing,"Minneapolis, United States",https://www.bandsintown.com/t/108911691?app_id=komi_0015519465&came_from=267&utm_medium=api&utm_source=public_api&utm_campaign=ticket,,https://michaellongfellow.komi.io/,bandsintown,2026-10-08T20:42:38.397846+00:00
Michael Longfellow,108911695,2026-11-07T21:00:00.000Z,,Sisyphus Brewing,"Minneapolis, United States",https://www.bandsintown.com/t/108911695?app_id=komi_0015519465&came_from=267&utm_medium=api&utm_source=public_api&utm_campaign=ticket,,https://michaellongfellow.komi.io/,bandsintown,2026-10-08T20:42:38.397854+00:00
Sarah Sherman,bcd22642-08e4-4517-9b65-acb8577f9daf,2026-11-08T00:00:00+00:00,,NY Comedy Festival with Patti Harrison,Town Hall,,False,https://sarahsquirm.komi.io/,komi,2026-10-08T20:42:38.031151+00:00
Michael Longfellow,108911697,2026-11-08T18:00:00.000Z,,Sisyphus Brewing,"Minneapolis, United States",https://www.bandsintown.com/t/108911697?app_id=komi_0015519465&came_from=267&utm_medium=api&utm_source=public_api&utm_campaign=ticket,,https://michaellongfellow.komi.io/,bandsintown,2026-10-08T20:42:38.397861+00:00
Michael Longfellow,1037709802,2026-11-12T19:30:00.000Z,,Dallas Comedy House,"Dallas, United States",https://www.bandsintown.com/t/1037709802?app_id=komi_0015519465&came_from=267&utm_medium=api&utm_source=public_api&utm_campaign=ticket,,https://michaellongfellow.komi.io/,bandsintown,2026-10-08T20:42:38.397868+00:00
Michael Longfellow,1037709887,2026-11-13T19:30:00.000Z,,Dallas Comedy House,"Dallas, United States",https://www.bandsintown.com/t/1037709887?app_id=komi_0015519465&came_from=267&utm_medium=api&utm_source=public_api&utm_campaign=ticket,,https://michaellongfellow.komi.io/,bandsintown,2026-10-08T20:42:38.397876+00:00
Michael Longfellow,1037709867,2026-11-14T21:30:00.000Z,,Dallas Comedy House,"Dallas, United States",https://www.bandsintown.com/t/1037709867?app_id=komi_0015519465&came_from=267&utm_medium=api&utm_source=public_api&utm_campaign=ticket,,https://michaellongfellow.komi.io/,bandsintown,2026-10-08T20:42:38.397883+00:00
Michael Longfellow,108911700,2026-11-19T20:00:00.000Z,,Laughs Comedy Club,"Seattle, United States",https://www.bandsintown.com/t/108911700?app_id=komi_0015519465&came_from=267&utm_medium=api&utm_source=public_api&utm_campaign=ticket,,https://michaellongfellow.komi.io/,bandsintown,2026-10-08T20:42:38.397890+00:00
Tommy Brennan,871dbbcd-eccd-4ee3-a7a9-9c67f50973da,2026-11-20T19:00:00,,The Comedy Attic,"Bloomington, IN",https://www.comedyattic.com/events/141001,False,https://punchup.live/tommybrennan,punchup,2026-10-08T20:42:39.501752+00:00
Michael Longfellow,108911704,2026-11-20T19:00:00.000Z,,Laughs Comedy Club,"Seattle, United States",https://www.bandsintown.com/t/108911704?app_id=komi_0015519465&came_from=267&utm_medium=api&utm_source=public_api&utm_campaign=ticket,,https://michaellongfellow.komi.io/,bandsintown,2026-10-08T20:42:38.397897+00:00
Tommy Brennan,f66422e2-c672-49d1-acac-e74e1a95fd68,2026-11-20T21:15:00,,The Comedy Attic,"Bloomington, IN",https://www.comedyattic.com/events/141001,False,https://punchup.live/tommybrennan,punchup,2026-10-08T20:42:39.501752+00:00
Michael Longfellow,108911706,2026-11-20T21:30:00.000Z,,Laughs Comedy Club,"Seattle, United States",https://www.bandsintown.com/t/108911706?app_id=komi_0015519465&came_from=267&utm_medium=api&utm_source=public_api&utm_campaign=ticket,,https://michaellongfellow.komi.io/,bandsintown,2026-10-08T20:42:38.397904+00:00
Tommy Brennan,54e2110e-b655-4062-a4d1-bdaf8db68ab1,2026-11-21T19:00:00,,The Comedy Attic,"Bloomington, IN",https://www.comedyattic.com/events/141001,False,https://punchup.live/tommybrennan,punchup,2026-10-08T20:42:39.501752+00:00
Michael Longfellow,108911710,2026-11-21T19:00:00.000Z,,Laughs Comedy Club,"Seattle, United States",https://www.bandsintown.com/t/108911710?app_id=komi_0015519465&came_from=267&utm_medium=api&utm_source=public_api&utm_campaign=ticket,,https://michaellongfellow.komi.io/,bandsintown,2026-10-08T20:42:38.397911+00:00
Tommy Brennan,ef995c49-8a9c-429d-8d29-8fa8f1f5a8a4,2026-11-21T21:15:00,,The Comedy Attic,"Bloomington, IN",https://www.comedyattic.com/events/141001,False,https://punchup.live/tommybrennan,punchup,2026-10-08T20:42:39.501752+00:00
Michael Longfellow,108911713,2026-11-21T21:30:00.000Z,,Laughs Comedy Club,"Seattle, United States",https://www.bandsintown.com/t/108911713?app_id=komi_0015519465&came_from=267&utm_medium=api&utm_source=public_api&utm_campaign=ticket,,https://michaellongfellow.komi.io/,bandsintown,2026-10-08T20:42:38.397917+00:00
Michael Longfellow,108588065,2026-11-30T19:30:00.000Z,,The Bend Theater,"West Bend, United States",https://www.bandsintown.com/t/108588065?app_id=komi_0015519465&came_from=267&utm_medium=api&utm_source=public_api&utm_campaign=ticket,,https://michaellongfellow.komi.io/,bandsintown,2026-10-08T20:42:38.397924+00:00
Michael Longfellow,108911719,2026-12-04T19:00:00.000Z,,Bottlerocket Social Hall,"Pittsburgh, United States",https://www.bandsintown.com/t/108911719?app_id=komi_0015519465&came_from=267&utm_medium=api&utm_source=public_api&utm_campaign=ticket,,https://michaellongfellow.komi.io/,bandsintown,2026-10-08T20:42:38.397931+00:00
Michael Longfellow,108911725,2026-12-04T21:30:00.000Z,,Bottlerocket Social Hall,"Pittsburgh, United States",https://www.bandsintown.com/t/108911725?app_id=komi_0015519465&came_from=267&utm_medium=api&utm_source=public_api&utm_campaign=ticket,,https://michaellongfellow.komi.io/,bandsintown,2026-10-08T20:42:38.397938+00:00
Michael Longfellow,108911730,2026-12-05T19:00:00.000Z,,Bottlerocket Social Hall,"Pittsburgh, United States",https://www.bandsintown.com/t/108911730?app_id=komi_0015519465&came_from=267&utm_medium=api&utm_source=public_api&utm_campaign=ticket,,https://michaellongfellow.komi.io/,bandsintown,2026-10-08T20:42:38.397945+00:00
Michael Longfellow,108911737,2026-12-05T21:30:00.000Z,,Bottlerocket Social Hall,"Pittsburgh, United States",https://www.bandsintown.com/t/108911737?app_id=komi_0015519465&came_from=267&utm_medium=api&utm_source=public_api&utm_campaign=ticket,,https://michaellongfellow.komi.io/,bandsintown,2026-10-08T20:42:38.397957+00:00
Michael Longfellow,108911742,2026-12-11T19:00:00.000Z,,Comedy Cabin,"Janesville, United States",https://www.bandsintown.com/t/108911742?app_id=komi_0015519465&came_from=267&utm_medium=api&utm_source=public_api&utm_campaign=ticket,,https://michaellongfellow.komi.io/,bandsintown,2026-10-08T20:42:38.397964+00:00
Michael Longfellow,108911745,2026-12-11T21:30:00.000Z,,Comedy Cabin,"Janesville, United States",https://www.bandsintown.com/t/108911745?app_id=komi_0015519465&came_from=267&utm_medium=api&utm_source=public_api&utm_campaign=ticket,,https://michaellongfellow.komi.io/,bandsintown,2026-10-08T20:42:38.397970+00:00
Michael Longfellow,108911747,2026-12-12T19:00:00.000Z,,Comedy Cabin,"Janesville, United States",https://www.bandsintown.com/t/108911747?app_id=komi_0015519465&came_from=267&utm_medium=api&utm_source=public_api&utm_campaign=ticket,,https://michaellongfellow.komi.io/,bandsintown,2026-10-08T20:42:38.397977+00:00
Michael Longfellow,108911751,2026-12-12T21:30:00.000Z,,Comedy Cabin,"Janesville, United States",https://www.bandsintown.com/t/108911751?app_id=komi_0015519465&came_from=267&utm_medium=api&utm_source=public_api&utm_campaign=ticket,,https://michaellongfellow.komi.io/,bandsintown,2026-10-08T20:42:38.397984+00:00
Michael Longfellow,108911756,2026-12-17T20:00:00.000Z,,Dr. Grins Comedy Club at The B.O.B.,"Grand Rapids, United States",https://www.bandsintown.com/t/108911756?app_id=komi_0015519465&came_from=267&utm_medium=api&utm_source=public_api&utm_campaign=ticket,,https://michaellongfellow.komi.io/,bandsintown,2026-10-08T20:42:38.397991+00:00
Michael Longfellow,108911759,2026-12-18T19:15:00.000Z,,Dr. Grins Comedy Club at The B.O.B.,"Grand Rapids, United States",https://www.bandsintown.com/t/108911759?app_id=komi_0015519465&came_from=267&utm_medium=api&utm_source=public_api&utm_campaign=ticket,,https://michaellongfellow.komi.io/,bandsintown,2026-10-08T20:42:38.397998+00:00
Michael Longfellow,108911765,2026-12-18T21:45:00.000Z,,Dr. Grins Comedy Club at The B.O.B.,"Grand Rapids, United States",https://www.bandsintown.com/t/108911765?app_id=komi_0015519465&came_from=267&utm_medium=api&utm_source=public_api&utm_campaign=ticket,,https://michaellongfellow.komi.io/,bandsintown,2026-10-08T20:42:38.398004+00:00
Michael Longfellow,108911773,2026-12-19T19:15:00.000Z,,Dr. Grins Comedy Club at The B.O.B.,"Grand Rapids, United States",https://www.bandsintown.com/t/108911773?app_id=komi_0015519465&came_from=267&utm_medium=api&utm_source=public_api&utm_campaign=ticket,,https://michaellongfellow.komi.io/,bandsintown,2026-10-08T20:42:38.398011+00:00
Michael Longfellow,108911778,2026-12-19T21:45:00.000Z,,Dr. Grins Comedy Club at The B.O.B.,"Grand Rapids, United States",https://www.bandsintown.com/t/108911778?app_id=komi_0015519465&came_from=267&utm_medium=api&utm_source=public_api&utm_campaign=ticket,,https://michaellongfellow.komi.io/,bandsintown,2026-10-08T20:42:38.398018+00:00
Michael Longfellow,108911781,2027-01-07T19:00:00.000Z,,The Comedy Club of Lawrence,"Lawrence, United States",https://www.bandsintown.com/t/108911781?app_id=komi_0015519465&came_from=267&utm_medium=api&utm_source=public_api&utm_campaign=ticket,,https://michaellongfellow.komi.io/,bandsintown,2026-10-08T20:42:38.398024+00:00
Michael Longfellow,108911788,2027-01-08T18:00:00.000Z,,The Comedy Club of Lawrence,"Lawrence, United States",https://www.bandsintown.com/t/108911788?app_id=komi_0015519465&came_from=267&utm_medium=api&utm_source=public_api&utm_campaign=ticket,,https://michaellongfellow.komi.io/,bandsintown,2026-10-08T20:42:38.398031+00:00
Michael Longfellow,108911805,2027-01-08T20:30:00.000Z,,The Comedy Club of Lawrence,"Lawrence, United States",https://www.bandsintown.com/t/108911805?app_id=komi_0015519465&came_from=267&utm_medium=api&utm_source=public_api&utm_campaign=ticket,,https://michaellongfellow.komi.io/,bandsintown,2026-10-08T20:42:38.398039+00:00
Michael Longfellow,108911808,2027-01-09T18:00:00.000Z,,The Comedy Club of Lawrence,"Lawrence, United States",https://www.bandsintown.com/t/108911808?app_id=komi_0015519465&came_from=267&utm_medium=api&utm_source=public_api&utm_campaign=ticket,,https://michaellongfellow.komi.io/,bandsintown,2026-10-08T20:42:38.398046+00:00
Michael Longfellow,108911811,2027-01-09T20:30:00.000Z,,The Comedy Club of Lawrence,"Lawrence, United States",https://www.bandsintown.com/t/108911811?app_id=komi_0015519465&came_from=267&utm_medium=api&utm_source=public_api&utm_campaign=ticket,,https://michaellongfellow.komi.io/,bandsintown,2026-10-08T20:42:38.398053+00:00
Michael Longfellow,108911818,2027-01-15T19:00:00.000Z,,The Attic Comedy Club,"Columbus, United States",https://www.bandsintown.com/t/108911818?app_id=komi_0015519465&came_from=267&utm_medium=api&utm_source=public_api&utm_campaign=ticket,,https://michaellongfellow.komi.io/,bandsintown,2026-10-08T20:42:38.398062+00:00
Michael Longfellow,108911822,2027-01-15T21:00:00.000Z,,The Attic Comedy Club,"Columbus, United States",https://www.bandsintown.com/t/108911822?app_id=komi_0015519465&came_from=267&utm_medium=api&utm_source=public_api&utm_campaign=ticket,,https://michaellongfellow.komi.io/,bandsintown,2026-10-08T20:42:38.398069+00:00
Michael Longfellow,108911823,2027-01-16T19:00:00.000Z,,The Attic Comedy Club,"Columbus, United States",https://www.bandsintown.com/t/108911823?app_id=komi_0015519465&came_from=267&utm_medium=api&utm_source=public_api&utm_campaign=ticket,,https://michaellongfellow.komi.io/,bandsintown,2026-10-08T20:42:38.398075+00:00
Michael Longfellow,108911825,2027-01-16T21:00:00.000Z,,The Attic Comedy Club,"Columbus, United States",https://www.bandsintown.com/t/108911825?app_id=komi_0015519465&came_from=267&utm_medium=api&utm_source=public_api&utm_campaign=ticket,,https://michaellongfellow.komi.io/,bandsintown,2026-10-08T20:42:38.398082+00:00
Michael Longfellow,108588062,2027-01-29T19:30:00.000Z,,The Bend Theater,"West Bend, United States",https://www.bandsintown.com/t/108588062?app_id=komi_0015519465&came_from=267&utm_medium=api&utm_source=public_api&utm_campaign=ticket,,https://michaellongfellow.komi.io/,bandsintown,2026-10-08T20:42:38.398089+00:00
Michael Longfellow,108911830,2027-01-30T19:30:00.000Z,,The Bend Theater,"West Bend, United States",https://www.bandsintown.com/t/108911830?app_id=komi_0015519465&came_from=267&utm_medium=api&utm_source=public_api&utm_campaign=ticket,,https://michaellongfellow.komi.io/,bandsintown,2026-10-08T20:42:38.398099+00:00
Michael Longfellow,1040121094,2027-05-20T19:30:00.000Z,,Laugh Out Loud Comedy Club,"San Antonio, United States",https://www.bandsintown.com/t/1040121094?app_id=komi_0015519465&came_from=267&utm_medium=api&utm_source=public_api&utm_campaign=ticket,,https://michaellongfellow.komi.io/,bandsintown,2026-10-08T20:42:38.398106+00:00
